{
  "project_info": {
    "project_number": "347672681738",
    "project_id": "fir-flutter-65768",
    "storage_bucket": "fir-flutter-65768.firebasestorage.app"
  },
  "client": [
    {
      "client_info": {
        "mobilesdk_app_id": "1:347672681738:android:6f3aa415aea76de027eef3",
        "android_client_info": {
          "package_name": "com.example.trabalho_final_v2"
        }
      },
      "oauth_client": [],
      "api_key": [
        {
          "current_key": "AIzaSyB6wlkYaZLxZ1pymiDETfIvU7cpYSFZ4nI"
        }
      ],
      "services": {
        "appinvite_service": {
          "other_platform_oauth_client": []
        }
      }
    }
  ],
  "configuration_version": "1"
}